"DESCRIPTION","DURATION IN MS","NAME","PARENT SUITE","START TIME","STATUS","STOP TIME","SUB SUITE","SUITE","TEST CLASS","TEST METHOD"
"","532","Подсказка тарифа «Утешительный» соответствует ТЗ","test","2026-09-24","passed","2026-09-24","TestTaxiTariffs","test_taxi_tariffs","",""
"","591","Переключение Оптимальный → Быстрый → Оптимальный обновляет маршрут","test","2026-09-24","passed","2026-09-24","TestTaxiPreparation","test_taxi_preparation","",""
"","314","Свой: можно выбрать тип передвижения Драйв","test","2026-09-24","passed","2026-09-24","TestTaxiPreparation","test_taxi_preparation","",""
"","292","Свой: можно выбрать тип передвижения Такси","test","2026-09-24","passed","2026-09-24","TestTaxiPreparation","test_taxi_preparation","",""
"","300","Свой: можно выбрать тип передвижения Пешком","test","2026-09-24","passed","2026-09-24","TestTaxiPreparation","test_taxi_preparation","",""
"","289","Свой: можно выбрать тип передвижения Самокат","test","2026-09-24","passed","2026-09-24","TestTaxiPreparation","test_taxi_preparation","",""
"","321","Детали во время поиска содержат адреса и способ оплаты из формы","test","2026-09-24","passed","2026-09-24","TestTaxiOrderFlow","test_taxi_order_flow","",""
"","300","Свой: можно выбрать тип передвижения Машина","test","2026-09-24","passed","2026-09-24","TestTaxiPreparation","test_taxi_preparation","",""
"","312","Свой → Драйв: активна кнопка «Забронировать»","test","2026-09-24","passed","2026-09-24","TestTaxiPreparation","test_taxi_preparation","",""
"","946","Рабочий со столиком: окно поиска, обратный отсчёт и кнопки","test","2026-09-24","passed","2026-09-24","TestTaxiOrderFlow","test_taxi_order_flow","",""
"","409","Под тарифами есть все поля заказа и кнопка отправки","test","2026-09-24","passed","2026-09-24","TestTaxiTariffs","test_taxi_tariffs","",""
"","523","Подсказка тарифа «Глянцевый» соответствует ТЗ","test","2026-09-24","passed","2026-09-24","TestTaxiTariffs","test_taxi_tariffs","",""
"","313","На карте показаны начало и конец маршрута в правильном порядке","test","2026-09-24","passed","2026-09-24","TestRouteRendering","test_route_rendering","",""
"","604","После завершения поиска показаны машина и водитель","test","2026-09-24","passed","2026-09-24","TestTaxiOrderFlow","test_taxi_order_flow","",""
"","541","Подсказка тарифа «Разговорчивый» соответствует ТЗ (BUG-001)","test","2026-09-24","failed","2026-09-24","TestTaxiTariffs","test_taxi_tariffs","",""
"","289","Свой: можно выбрать тип передвижения Велосипед","test","2026-09-24","passed","2026-09-24","TestTaxiPreparation","test_taxi_preparation","",""
"","302","Стоимость завершённого заказа совпадает с ценой выбранного тарифа","test","2026-09-24","passed","2026-09-24","TestTaxiOrderFlow","test_taxi_order_flow","",""
"","309","На карте показаны начало и конец маршрута в правильном порядке","test","2026-09-24","passed","2026-09-24","TestRouteRendering","test_route_rendering","",""
"","527","Подсказка тарифа «Рабочий» соответствует ТЗ","test","2026-09-24","passed","2026-09-24","TestTaxiTariffs","test_taxi_tariffs","",""
"","157","Для быстрого маршрута активна кнопка «Вызвать такси»","test","2026-09-24","passed","2026-09-24","TestTaxiPreparation","test_taxi_preparation","",""
"","220","Блок выбора маршрута расположен под адресами","test","2026-09-24","passed","2026-09-24","TestRouteSelection","test_route_selection","",""
"","553","Подсказка тарифа «Сонный» соответствует ТЗ (BUG-001)","test","2026-09-24","failed","2026-09-24","TestTaxiTariffs","test_taxi_tariffs","",""
"","29118","Полный флоу: Рабочий, столик, поиск, водитель, детали, отмена","test","2026-09-24","passed","2026-09-24","TestTaxiOrderFlow","test_taxi_order_flow","",""
"","189","В форме есть шесть тарифов и выбран ровно один","test","2026-09-24","passed","2026-09-24","TestTaxiTariffs","test_taxi_tariffs","",""
"","170","Одинаковые адреса: Авто Бесплатно В пути 0 мин.","test","2026-09-24","passed","2026-09-24","TestRouteSelection","test_route_selection","",""
"","198","Одинаковые адреса: Авто Бесплатно В пути 0 мин.","test","2026-09-24","passed","2026-09-24","TestRouteSelection","test_route_selection","",""
"","219","Блок выбора маршрута расположен под адресами","test","2026-09-24","passed","2026-09-24","TestRouteSelection","test_route_selection","",""
"","88","Отмена завершённого заказа закрывает окно","test","2026-09-24","passed","2026-09-24","TestTaxiOrderFlow","test_taxi_order_flow","",""
"","533","Подсказка тарифа «Отпускной» соответствует ТЗ","test","2026-09-24","passed","2026-09-24","TestTaxiTariffs","test_taxi_tariffs","",""
"","590","Переключение Оптимальный → Быстрый → Оптимальный обновляет маршрут","test","2026-09-24","passed","2026-09-24","TestTaxiPreparation","test_taxi_preparation","",""
